INSERT INTO ciudad (id, nombre) VALUES (1, 'Esperanza');
INSERT INTO ciudad (id, nombre) VALUES (2, 'Santa Fe');
INSERT INTO ciudad (id, nombre) VALUES (3, 'Rosario');

INSERT INTO ruta (id, ciudad_origen_id, ciudad_destino_id) VALUES (1, 1, 2);
INSERT INTO ruta (id, ciudad_origen_id, ciudad_destino_id) VALUES (2, 2, 1);
INSERT INTO ruta (id, ciudad_origen_id, ciudad_destino_id) VALUES (3, 2, 3);
INSERT INTO ruta (id, ciudad_origen_id, ciudad_destino_id) VALUES (4, 3, 2);

INSERT INTO empresa (id, nombre, telefono, direccion) VALUES (1, 'Nece', '0342 455-8696', 'Belgrano 2910');
INSERT INTO empresa (id, nombre, telefono, direccion) VALUES (2, 'Ruta 70', '0342 453-2521', ' Belgrano 2910');
INSERT INTO empresa (id, nombre, telefono, direccion) VALUES (3, 'Tata Rapido', '0341 439-5461', 'San Lorenzo 2972');
INSERT INTO empresa (id, nombre, telefono, direccion) VALUES (4, 'Micro', '0341 439-4131', 'Cafferata 702');


INSERT INTO horarios (id, hora_salida, hora_llegada, ruta_id, empresa_id) VALUES
                                                                              (1, '05:20', '06:40', 1, 2),
                                                                              (2, '06:00', '07:20', 1, 2),
                                                                              (3, '06:00', '07:20', 1, 1),
                                                                              (4, '06:30', '07:50', 1, 1),
                                                                              (5, '07:30', '08:50', 1, 1),
                                                                              (6, '08:10', '09:30', 1, 2),
                                                                              (7, '08:15', '09:35', 1, 2),
                                                                              (8, '09:00', '10:20', 1, 1),
                                                                              (9, '09:25', '10:45', 1, 2),
                                                                              (10, '10:10', '11:30', 1, 2),
                                                                              (11, '11:10', '12:30', 1, 2),
                                                                              (12, '11:55', '13:15', 1, 1),
                                                                              (13, '12:25', '13:45', 1, 2),
                                                                              (14, '13:00', '14:20', 1, 1),
                                                                              (15, '13:40', '15:00', 1, 2),
                                                                              (16, '14:40', '16:00', 1, 2),
                                                                              (17, '15:00', '16:20', 1, 1),
                                                                              (18, '16:00', '17:20', 1, 1),
                                                                              (19, '16:20', '17:40', 1, 2),
                                                                              (20, '17:00', '18:20', 1, 1),
                                                                              (21, '17:40', '19:00', 1, 2),
                                                                              (22, '18:45', '20:05', 1, 1),
                                                                              (23, '19:10', '20:30', 1, 2),
                                                                              (24, '20:25', '21:45', 1, 1),
                                                                              (25, '20:30', '21:50', 1, 2),
                                                                              (26, '21:40', '23:00', 1, 2),
                                                                              (27, '23:00', '00:20', 1, 2),
                                                                              (28, '04:50', '06:10', 2, 2),
                                                                              (29, '06:00', '07:20', 2, 2),
                                                                              (30, '06:15', '07:35', 2, 1),
                                                                              (31, '07:00', '08:20', 2, 2),
                                                                              (32, '07:30', '08:50', 2, 1),
                                                                              (33, '08:30', '09:50', 2, 2),
                                                                              (34, '09:30', '10:50', 2, 1),
                                                                              (35, '10:00', '11:20', 2, 2),
                                                                              (36, '10:35', '11:55', 2, 1),
                                                                              (37, '11:30', '12:50', 2, 1),
                                                                              (38, '11:10', '12:30', 2, 2),
                                                                              (39, '12:15', '13:35', 2, 2),
                                                                              (40, '13:00', '14:20', 2, 2),
                                                                              (41, '13:30', '14:50', 2, 1),
                                                                              (42, '14:00', '15:20', 2, 2),
                                                                              (43, '15:00', '16:20', 2, 1),
                                                                              (44, '15:15', '16:35', 2, 2),
                                                                              (45, '16:30', '17:50', 2, 2),
                                                                              (46, '17:00', '18:20', 2, 1),
                                                                              (47, '17:45', '19:05', 2, 1),
                                                                              (48, '18:00', '19:20', 2, 2),
                                                                              (49, '18:30', '19:50', 2, 2),
                                                                              (50, '19:00', '20:20', 2, 1),
                                                                              (51, '19:30', '20:50', 2, 2),
                                                                              (52, '20:30', '21:50', 2, 1),
                                                                              (53, '22:00', '23:20', 2, 1),
                                                                              (54, '22:10', '23:30', 2, 2),
                                                                              (55, '07:20', '09:40', 4, 3),
                                                                              (56, '11:15', '13:35', 4, 3),
                                                                              (57, '14:00', '16:20', 4, 3),
                                                                              (58, '16:00', '18:20', 4, 3),
                                                                              (59, '18:10', '20:30', 4, 3),
                                                                              (60, '19:50', '22:10', 4, 3),
                                                                              (61, '06:30', '08:50', 3, 3),
                                                                              (62, '10:40', '13:00', 3, 3),
                                                                              (63, '14:20', '16:40', 3, 3),
                                                                              (64, '15:50', '18:10', 3, 3),
                                                                              (65, '17:40', '20:00', 3, 3),
                                                                              (66, '19:10', '21:30', 3, 3),
                                                                              (67, '07:30', '09:50', 3, 4),
                                                                              (68, '09:10', '11:30', 3, 4),
                                                                              (69, '12:50', '15:10', 3, 4),
                                                                              (70, '20:10', '22:30', 3, 4),
                                                                              (71, '06:00', '08:20', 4, 4),
                                                                              (72, '09:00', '11:20', 4, 4),
                                                                              (73, '15:00', '17:20', 4, 4),
                                                                              (74, '17:00', '19:20', 4, 4);



INSERT INTO rol (id, nombre) VALUES (1, 'ADMIN');
INSERT INTO rol (id, nombre) VALUES (2, 'USER');

INSERT INTO usuario (id, nombre, mail, password, rol_id) VALUES (100, 'admin', 'admin@test.com', '1234', 1);
INSERT INTO usuario (id, nombre, mail, password, rol_id) VALUES (200, 'user', 'user@test.com', '1234', 2);